loss,accuracy,val_loss,val_accuracy
,0.028947368264198303,,0.02631578966975212
